date,highest_temp,lowest_temp,weather
2021-01-01,0,-11,晴
2021-01-02,0,-9,晴
2021-01-03,0,-7,多云
2021-01-04,-1,-11,晴
2021-01-05,-2,-11,晴
2021-01-06,0,-19,多云
2021-01-07,-7,-14,晴
2021-01-08,-2,-10,晴
2021-01-09,1,-8,晴
2021-01-10,1,-7,多云
2021-01-11,2,-8,多云
2021-01-12,4,-6,晴
2021-01-13,9,-6,晴
2021-01-14,2,-4,阴
2021-01-15,3,-8,晴
2021-01-16,0,-8,晴
2021-01-17,3,-7,晴
2021-01-18,4,-6,晴
2021-01-19,-3,-8,阴
2021-01-20,1,-5,晴
2021-01-21,5,-5,阴
2021-01-22,5,-7,晴
2021-01-23,3,-6,多云
2021-01-24,5,-5,晴
2021-01-25,1,-6,雨夹雪
2021-01-26,6,-7,阴
2021-01-27,3,-6,阴
2021-01-28,-1,-9,晴
2021-01-29,0,-8,晴
2021-01-30,7,-7,晴
2021-01-31,0,-5,多云
2021-02-01,3,-8,晴
2021-02-02,0,-9,晴
2021-02-03,7,-6,晴
2021-02-04,10,-5,晴
2021-02-05,15,-1,晴
2021-02-06,16,-1,多云
2021-02-07,7,-4,晴
2021-02-08,8,-5,晴
2021-02-09,10,-3,晴
2021-02-10,15,-3,晴
2021-02-11,10,0,霾
2021-02-12,14,1,霾
2021-02-13,8,2,霾
2021-02-14,4,-4,晴
2021-02-15,5,-2,晴
2021-02-16,0,-6,晴
2021-02-17,2,-6,晴
2021-02-18,6,-4,晴
2021-02-19,16,-2,晴
2021-02-20,20,4,多云
2021-02-21,25,4,晴
2021-02-22,12,1,多云
2021-02-23,3,-2,阴
2021-02-24,4,-2,多云
2021-02-25,7,-2,晴
2021-02-26,11,-2,晴
2021-02-27,11,2,阴
2021-02-28,5,1,小雪
2021-03-01,5,-6,小雪
2021-03-02,4,-2,多云
2021-03-03,6,2,多云
2021-03-04,11,2,阴
2021-03-05,9,-2,雾
2021-03-06,4,-5,阴
2021-03-07,8,-2,多云
2021-03-08,10,1,多云
2021-03-09,15,3,多云
2021-03-10,16,8,雾
2021-03-11,17,7,阴
2021-03-12,10,6,小雨
2021-03-13,14,8,多云
2021-03-14,13,9,阴
2021-03-15,12,2,扬沙
2021-03-16,15,3,浮尘
2021-03-17,13,6,小雨
2021-03-18,8,3,阴
2021-03-19,10,5,阴
2021-03-20,13,3,浮尘
2021-03-21,12,1,晴
2021-03-22,19,5,晴
2021-03-23,23,8,晴
2021-03-24,21,6,阴
2021-03-25,21,11,多云
2021-03-26,14,10,小雨
2021-03-27,18,10,雾
2021-03-28,18,8,扬沙
2021-03-29,19,6,多云
2021-03-30,21,9,多云
2021-03-31,24,10,多云
2021-04-01,18,13,阴
2021-04-02,16,10,阴
2021-04-03,18,7,阴
2021-04-04,20,7,晴
2021-04-05,18,7,多云
2021-04-06,21,10,晴
2021-04-07,19,5,晴
2021-04-08,19,10,晴
2021-04-09,17,6,晴
2021-04-10,19,13,多云
2021-04-11,20,8,阴
2021-04-12,17,8,晴
2021-04-13,16,8,晴
2021-04-14,21,10,晴
2021-04-15,20,9,晴
2021-04-16,16,9,晴
2021-04-17,20,5,晴
2021-04-18,24,10,晴
2021-04-19,28,15,多云
2021-04-20,26,13,多云
2021-04-21,21,12,阴
2021-04-22,16,9,晴
2021-04-23,21,13,多云
2021-04-24,19,14,多云
2021-04-25,20,10,多云
2021-04-26,21,9,阴
2021-04-27,21,11,晴
2021-04-28,22,11,多云
2021-04-29,13,8,晴
2021-04-30,14,7,晴
2021-05-01,20,8,晴
2021-05-02,20,12,晴
2021-05-03,24,12,多云
2021-05-04,21,10,晴
2021-05-05,27,15,多云
2021-05-06,19,14,霾
2021-05-07,25,16,多云
2021-05-08,25,12,多云
2021-05-09,25,13,多云
2021-05-10,23,14,多云
2021-05-11,24,13,阴
2021-05-12,26,16,晴
2021-05-13,22,17,多云
2021-05-14,20,18,阴
2021-05-15,21,16,阴
2021-05-16,25,14,多云
2021-05-17,30,16,多云
2021-05-18,32,19,多云
2021-05-19,30,20,阴
2021-05-20,27,16,多云
2021-05-21,30,19,小雨
2021-05-22,32,18,小雨转阴
2021-05-23,26,15,多云
2021-05-24,24,13,多云转小雨
2021-05-25,27,16,多云
2021-05-26,26,15,多云转小雨
2021-05-27,28,17,多云转小雨
2021-05-28,27,17,多云
2021-05-29,27,16,多云
2021-05-30,27,15,多云
2021-05-31,20,16,小雨
2021-06-01,28,17,多云
2021-06-02,26,15,多云
2021-06-03,29,14,晴
2021-06-04,29,17,晴
2021-06-05,33,17,晴
2021-06-06,33,20,阴
2021-06-07,28,20,阴
2021-06-08,28,21,多云
2021-06-09,25,19,阴
2021-06-10,32,18,晴
2021-06-11,35,19,阴
2021-06-12,35,23,阴
2021-06-13,34,23,阴
2021-06-14,28,22,多云
2021-06-15,32,20,阴
2021-06-16,20,20,小雨
2021-06-17,32,19,晴
2021-06-18,34,19,晴
2021-06-19,35,20,晴
2021-06-20,34,23,多云
2021-06-21,35,22,晴
2021-06-22,32,21,多云
2021-06-23,23,22,阴
2021-06-24,27,20,小雨转阴
2021-06-25,28,22,小雨
2021-06-26,27,22,晴
2021-06-27,33,22,晴
2021-06-28,30,22,多云
2021-06-29,27,22,小雨到中雨
2021-06-30,29,23,晴
2021-07-01,29,19,阴
2021-07-02,30,19,阴
2021-07-03,25,17,多云
2021-07-04,35,23,多云
2021-07-05,31,20,小雨到中雨
2021-07-06,29,22,阴
2021-07-07,32,23,晴
2021-07-08,34,22,晴
2021-07-09,32,23,晴
2021-07-10,31,23,阴
2021-07-11,26,23,小雨到中雨
2021-07-12,25,22,阴
2021-07-13,31,24,多云
2021-07-14,30,24,多云
2021-07-15,32,24,多云
2021-07-16,30,24,阴
2021-07-17,29,23,阴
2021-07-18,29,22,晴
2021-07-19,30,24,阴
2021-07-20,30,23,多云
2021-07-21,28,23,阴
2021-07-22,28,23,阴
2021-07-23,32,27,多云转小雨
2021-07-24,32,24,晴
2021-07-25,33,24,多云
2021-07-26,31,25,阴
2021-07-27,36,23,晴
2021-07-28,32,23,晴
2021-07-29,26,22,小雨
2021-07-30,30,22,多云
2021-07-31,34,23,多云转小雨
2021-08-01,32,22,晴
2021-08-02,32,23,多云
2021-08-03,31,24,阴
2021-08-04,34,26,多云
2021-08-05,32,23,多云
2021-08-06,33,22,多云
2021-08-07,33,23,晴
2021-08-08,32,23,多云
2021-08-09,30,22,晴
2021-08-10,33,23,晴
2021-08-11,30,23,阴
2021-08-12,29,22,多云
2021-08-13,29,22,多云
2021-08-14,27,18,小雨
2021-08-15,28,22,小雨
2021-08-16,28,22,小雨转多云
2021-08-17,30,21,多云
2021-08-18,28,23,多云
2021-08-19,24,20,阴
2021-08-20,28,21,多云
2021-08-21,31,22,晴
2021-08-22,30,23,多云
2021-08-23,30,20,中雨
2021-08-24,28,19,晴
2021-08-25,28,18,晴
2021-08-26,26,17,晴
2021-08-27,33,22,晴
2021-08-28,28,18,多云
2021-08-29,29,19,多云
2021-08-30,28,20,多云
2021-08-31,27,17,晴
2021-09-01,29,18,晴
2021-09-02,29,18,阴
2021-09-03,30,22,多云
2021-09-04,23,20,阴到小雨
2021-09-05,24,20,小雨
2021-09-06,23,14,晴
2021-09-07,27,17,晴
2021-09-08,29,19,多云
2021-09-09,26,18,阴
2021-09-10,24,16,多云
2021-09-11,31,22,多云
2021-09-12,23,20,多云
2021-09-13,29,20,多云
2021-09-14,25,17,多云
2021-09-15,25,19,多云
2021-09-16,24,17,多云
2021-09-17,27,17,晴
2021-09-18,24,18,阴
2021-09-19,19,16,小雨
2021-09-20,33,26,多云
2021-09-21,27,11,晴
2021-09-22,29,17,多云
2021-09-23,27,17,多云
2021-09-24,19,18,阴
2021-09-25,24,19,小雨到中雨
2021-09-26,19,17,多云
2021-09-27,28,17,多云
2021-09-28,23,17,多云
2021-09-29,23,15,阴
2021-09-30,22,16,晴
2021-10-01,23,16,多云
2021-10-02,27,18,多云
2021-10-03,21,16,多云
2021-10-04,18,12,小雨
2021-10-05,15,12,小雨
2021-10-06,12,7,多云
2021-10-07,19,7,晴
2021-10-08,20,9,多云
2021-10-09,14,12,阴
2021-10-10,19,5,晴
2021-10-11,19,5,晴
2021-10-12,19,8,晴
2021-10-13,18,12,多云
2021-10-14,19,11,多云
2021-10-15,20,5,多云
2021-10-16,12,1,晴
2021-10-17,15,2,晴
2021-10-18,8,-5,晴
2021-10-19,14,1,晴
2021-10-20,14,3,晴
2021-10-21,19,5,晴
2021-10-22,18,3,晴
2021-10-23,17,4,晴
2021-10-24,17,5,晴
2021-10-25,18,6,阴
2021-10-26,22,5,晴
2021-10-27,21,7,多云
2021-10-28,19,7,晴
2021-10-29,19,6,晴
2021-10-30,20,8,阴
2021-10-31,18,5,晴
2021-11-01,13,6,多云~阴
2021-11-02,12,4,小雨~雾
2021-11-03,12,5,多云~雾
2021-11-04,14,7,多云
2021-11-05,12,10,多云~小雨
2021-11-06,12,-1,小雨~大雪
2021-11-07,1,-4,中雪~多云
2021-11-08,7,-2,晴
2021-11-09,11,1,晴
2021-11-10,14,2,晴
2021-11-11,13,0,晴
2021-11-12,15,0,晴
2021-11-13,18,1,晴
2021-11-14,16,2,晴
2021-11-15,11,0,晴
2021-11-16,11,2,多云~雾
2021-11-17,13,1,多云~晴
2021-11-18,9,2,多云
2021-11-19,10,3,多云~阴
2021-11-20,8,0,多云
2021-11-21,7,-1,多云~晴
2021-11-22,4,-5,晴
2021-11-23,8,-4,晴
2021-11-24,12,-2,多云~晴
2021-11-25,13,-2,多云~晴
2021-11-26,13,-3,多云~晴
2021-11-27,10,0,多云~阴
2021-11-28,9,2,多云~阴
2021-11-29,7,-1,小雨~多云
2021-11-30,5,-5,多云~晴
2021-12-01,9,-5,多云
2021-12-02,13,0,多云
2021-12-03,2,-8,多云
2021-12-04,13,-2,晴
2021-12-05,10,1,多云
2021-12-06,12,-3,多云
2021-12-07,9,0,多云
2021-12-08,6,1,小雨
2021-12-09,3,1,晴
2021-12-10,9,-1,多云
2021-12-11,10,-2,多云
2021-12-12,3,-6,晴
2021-12-13,4,-5,晴
2021-12-14,2,-14,晴
2021-12-15,3,-4,多云
2021-12-16,4,-7,晴
2021-12-17,0,-8,晴
2021-12-18,3,0,阴
2021-12-19,8,-5,晴
2021-12-20,14,-2,晴
2021-12-21,8,-2,多云
2021-12-22,13,0,晴
2021-12-23,-1,-5,多云
2021-12-24,-3,-9,晴
2021-12-25,-4,-11,晴
2021-12-26,-1,-8,晴
2021-12-27,6,-8,晴
2021-12-28,6,-5,多云
2021-12-29,5,-5,晴
2021-12-30,5,-7,晴
2021-12-31,4,-6,晴
2022-01-01,6,-7,晴
2022-01-02,2,-7,多云
2022-01-03,6,-7,晴
2022-01-04,3,-6,晴
2022-01-05,2,-6,晴
2022-01-06,6,-7,晴
2022-01-07,3,-10,晴
2022-01-08,8,-5,多云
2022-01-09,0,-13,阴
2022-01-10,14,6,多云
2022-01-11,0,-7,多云
2022-01-12,2,-7,晴
2022-01-13,3,-6,晴
2022-01-14,2,-6,多云
2022-01-15,3,-8,晴
2022-01-16,0,-9,晴
2022-01-17,6,-8,多云
2022-01-18,3,-9,多云
2022-01-19,-2,-7,多云
2022-01-20,-2,-5,多云
2022-01-21,0,-4,小雪
2022-01-22,1,-4,多云
2022-01-23,1,-4,阴
2022-01-24,7,-5,阴
2022-01-25,5,-4,晴
2022-01-26,3,-5,多云
2022-01-27,3,-5,多云
2022-01-28,4,-2,阴
2022-01-29,-1,-9,晴
2022-01-30,3,-3,霾
2022-01-31,3,-5,晴
2022-02-01,2,-7,晴
2022-02-02,4,-7,晴
2022-02-03,3,-6,多云
2022-02-04,0,-6,晴
2022-02-05,3,-5,晴
2022-02-06,6,-5,多云
2022-02-07,6,-5,多云
2022-02-08,8,-5,晴
2022-02-09,7,-5,多云
2022-02-10,10,-3,阴
2022-02-11,8,-3,多云
2022-02-12,1,-2,多云
2022-02-13,-3,-6,中雪
2022-02-14,-1,-10,多云
2022-02-15,-2,-10,多云
2022-02-16,0,-9,晴
2022-02-17,0,-7,多云
2022-02-18,4,-6,多云
2022-02-19,1,-9,晴
2022-02-20,4,-7,晴
2022-02-21,4,-8,多云
2022-02-22,4,-7,晴
2022-02-23,7,-6,晴
2022-02-24,11,-5,晴
2022-02-25,14,0,多云
2022-02-26,12,-2,晴
2022-02-27,16,-2,晴
2022-02-28,12,-1,阴
2022-03-01,11,-1,晴
2022-03-02,16,0,晴
2022-03-03,11,0,多云
2022-03-04,11,-1,扬沙
2022-03-05,10,-2,晴
2022-03-06,11,-1,多云
2022-03-07,18,2,晴
2022-03-08,16,2,晴
2022-03-09,17,4,多云
2022-03-10,19,7,晴
2022-03-11,12,5,多云
2022-03-12,13,5,多云
2022-03-13,11,4,多云
2022-03-14,20,5,多云
2022-03-15,15,6,多云
2022-03-16,12,2,多云
2022-03-17,3,-2,小雪
2022-03-18,2,-2,大雪
2022-03-19,6,-1,雨夹雪
2022-03-20,10,1,多云
2022-03-21,12,1,多云
2022-03-22,9,1,多云
2022-03-23,12,3,多云
2022-03-24,9,7,多云
2022-03-25,14,6,多云
2022-03-26,20,3,多云
2022-03-27,16,6,晴
2022-03-28,18,9,多云
2022-03-29,12,6,小雨
2022-03-30,10,3,多云
2022-03-31,15,2,多云
2022-04-01,15,4,多云
2022-04-02,19,4,晴
2022-04-03,20,9,多云
2022-04-04,22,10,多云
2022-04-05,24,7,多云
2022-04-06,14,4,晴
2022-04-07,24,9,晴
2022-04-08,25,12,晴
2022-04-09,26,11,多云
2022-04-10,26,14,多云
2022-04-11,28,14,多云
2022-04-12,23,14,阴
2022-04-13,16,3,晴
2022-04-14,21,8,晴
2022-04-15,19,6,晴
2022-04-16,23,11,晴
2022-04-17,21,9,多云
2022-04-18,23,10,晴
2022-04-19,24,8,晴
2022-04-20,29,17,多云
2022-04-21,31,16,多云
2022-04-22,25,10,多云
2022-04-23,29,15,晴
2022-04-24,27,14,多云
2022-04-25,29,18,晴
2022-04-26,15,2,晴
2022-04-27,13,8,小雨
2022-04-28,14,8,晴
2022-04-29,20,11,阴
2022-04-30,22,9,晴
2022-05-01,26,11,多云
2022-05-02,26,12,多云
2022-05-03,31,16,晴
2022-05-04,33,19,多云
2022-05-05,30,15,多云
2022-05-06,21,9,多云
2022-05-07,19,9,多云
2022-05-08,13,8,多云
2022-05-09,18,8,晴
2022-05-10,25,13,小雨
2022-05-11,21,12,多云
2022-05-12,19,14,阴
2022-05-13,24,8,晴
2022-05-14,25,9,晴
2022-05-15,27,11,多云
2022-05-16,29,13,多云
2022-05-17,26,14,多云
2022-05-18,29,14,多云
2022-05-19,30,17,多云
2022-05-20,25,13,多云
2022-05-21,35,19,多云
2022-05-22,23,14,多云
2022-05-23,33,17,晴
2022-05-24,35,22,晴
2022-05-25,26,19,多云
2022-05-26,32,26,晴
2022-05-27,36,18,多云
2022-05-28,24,15,多云
2022-05-29,26,15,多云
2022-05-30,31,16,晴
2022-05-31,32,17,晴
2022-06-01,21,11,多云
2022-06-02,35,20,多云
2022-06-03,35,20,小雨
2022-06-04,31,20,晴
2022-06-05,33,20,多云
2022-06-06,28,16,晴
2022-06-07,27,17,多云
2022-06-08,26,15,多云
2022-06-09,25,18,多云
2022-06-10,27,18,阴
2022-06-11,27,19,阴
2022-06-12,26,19,多云
2022-06-13,27,18,多云
2022-06-14,10,4,阴
2022-06-15,27,18,多云
2022-06-16,29,20,多云
2022-06-17,9,3,阴
2022-06-18,28,9,晴
2022-06-19,22,12,小雨到中雨
2022-06-20,35,24,多云
2022-06-21,35,24,多云
2022-06-22,28,18,多云
2022-06-23,36,23,晴
2022-06-24,35,22,晴
2022-06-25,22,11,晴
2022-06-26,33,22,小雨
2022-06-27,31,21,多云
2022-06-28,30,17,多云
2022-06-29,22,10,多云
2022-06-30,30,22,多云
2022-07-01,30,22,多云
2022-07-02,31,23,多云
2022-07-03,25,22,大雨
2022-07-04,29,23,多云
2022-07-05,32,23,小雨
2022-07-06,30,22,多云
2022-07-07,36,24,晴
2022-07-08,34,24,多云
2022-07-09,35,22,多云
2022-07-10,27,20,小雨
2022-07-11,27,23,多云
2022-07-12,25,22,中雨
2022-07-13,33,23,晴
2022-07-14,35,21,晴
2022-07-15,36,24,多云
2022-07-16,33,23,多云
2022-07-17,36,23,多云
2022-07-18,35,22,晴
2022-07-19,32,24,多云
2022-07-20,32,22,多云
2022-07-21,33,24,多云
2022-07-22,31,23,多云
2022-07-23,33,23,多云
2022-07-24,33,25,多云
2022-07-25,32,24,多云
2022-07-26,33,23,阴
2022-07-27,26,21,暴雨
2022-07-28,29,21,多云
2022-07-29,31,23,多云
2022-07-30,31,24,多云
2022-07-31,33,25,多云
2022-08-01,34,25,多云
2022-08-02,34,26,多云
2022-08-03,35,26,多云
2022-08-04,35,26,多云
2022-08-05,36,27,晴
2022-08-06,33,25,雾
2022-08-07,32,25,雾
2022-08-08,27,22,多云
2022-08-09,24,20,小雨
2022-08-10,30,20,晴
2022-08-11,31,24,雾
2022-08-12,31,25,多云
2022-08-13,32,24,多云
2022-08-14,24,23,中雨
2022-08-15,35,21,雾
2022-08-16,31,22,多云
2022-08-17,30,24,多云
2022-08-18,25,24,中雨
2022-08-19,31,21,多云
2022-08-20,30,23,多云
2022-08-21,31,24,多云
2022-08-22,33,19,雾
2022-08-23,28,21,多云
2022-08-24,27,19,多云
2022-08-25,32,19,晴
2022-08-26,27,14,多云
2022-08-27,27,18,多云
2022-08-28,23,16,多云
2022-08-29,22,18,多云
2022-08-30,27,18,多云
2022-08-31,31,18,晴
2022-09-01,28,15,晴
2022-09-02,28,18,晴
2022-09-03,27,19,多云
2022-09-04,28,20,多云
2022-09-05,28,14,晴
2022-09-06,29,15,晴
2022-09-07,32,17,晴
2022-09-08,32,19,晴
2022-09-09,31,20,多云
2022-09-10,31,19,多云
2022-09-11,28,20,多云
2022-09-12,30,20,多云
2022-09-13,30,20,多云
2022-09-14,30,20,多云
2022-09-15,30,19,多云
2022-09-16,30,20,多云
2022-09-17,30,20,多云
2022-09-18,29,17,晴
2022-09-19,26,13,多云
2022-09-20,26,14,晴
2022-09-21,26,16,多云
2022-09-22,27,13,多云
2022-09-23,25,10,晴
2022-09-24,26,11,多云
2022-09-25,26,13,多云
2022-09-26,28,15,多云
2022-09-27,29,16,多云
2022-09-28,28,16,多云
2022-09-29,29,18,多云
2022-09-30,29,19,多云
2022-10-01,24,19,多云
2022-10-02,19,17,小雨
2022-10-03,20,8,小雨
2022-10-04,16,4,晴
2022-10-05,15,6,多云
2022-10-06,18,4,多云
2022-10-07,19,9,多云
2022-10-08,12,9,多云
2022-10-09,15,6,晴
2022-10-10,18,3,晴
2022-10-11,20,5,晴
2022-10-12,20,8,多云
2022-10-13,19,12,多云
2022-10-14,22,10,多云
2022-10-15,24,11,多云
2022-10-16,19,5,晴
2022-10-17,17,2,晴
2022-10-18,19,2,晴
2022-10-19,21,7,晴
2022-10-20,18,7,多云
2022-10-21,22,10,多云
2022-10-22,21,5,晴
2022-10-23,22,4,晴
2022-10-24,20,6,晴
2022-10-25,19,10,多云
2022-10-26,18,10,多云
2022-10-27,12,9,多云
2022-10-28,13,9,多云
2022-10-29,14,8,多云
2022-10-30,15,8,多云
2022-10-31,17,2,晴
2022-11-01,15,4,晴
2022-11-02,16,3,多云
2022-11-03,13,0,多云
2022-11-04,14,-1,晴
2022-11-05,16,4,晴
2022-11-06,12,4,多云
2022-11-07,16,1,晴
2022-11-08,16,3,多云
2022-11-09,13,5,多云
2022-11-10,16,8,多云
2022-11-11,12,10,小雨
2022-11-12,11,0,多云
2022-11-13,9,-1,晴
2022-11-14,12,0,晴
2022-11-15,17,0,雾
2022-11-16,15,0,多云
2022-11-17,15,4,多云
2022-11-18,11,4,多云
2022-11-19,14,5,多云
2022-11-20,9,4,多云
2022-11-21,13,2,多云
2022-11-22,11,0,多云
2022-11-23,13,2,多云
2022-11-24,8,4,多云
2022-11-25,13,-2,雾
2022-11-26,4,-2,多云
2022-11-27,7,1,多云
2022-11-28,13,-5,多云
2022-11-29,-5,-9,多云
2022-11-30,-1,-9,晴
2022-12-01,0,-8,晴
2022-12-02,0,-6,多云
2022-12-03,2,-9,多云
2022-12-04,2,-8,晴
2022-12-05,5,-8,多云
2022-12-06,6,-6,晴
2022-12-07,8,-5,多云
2022-12-08,9,-5,多云
2022-12-09,7,-3,多云
2022-12-10,3,-5,晴
2022-12-11,4,-4,多云
2022-12-12,3,-6,多云
2022-12-13,-3,-10,多云
2022-12-14,0,-7,多云
2022-12-15,-1,-9,多云
2022-12-16,-1,-12,多云
2022-12-17,-2,-11,多云
2022-12-18,0,-10,多云
2022-12-19,2,-9,晴
2022-12-20,2,-7,多云
2022-12-21,0,-7,多云
2022-12-22,-1,-8,多云
2022-12-23,0,-7,晴
2022-12-24,4,-7,晴
2022-12-25,1,-7,多云
2022-12-26,3,-7,晴
2022-12-27,1,-8,晴
2022-12-28,3,-8,晴
2022-12-29,3,-9,晴
2022-12-30,4,-8,晴
2022-12-31,6,-7,晴
2023-01-01,4,-7,多云
2023-01-02,3,-8,多云
2023-01-03,3,-8,多云
2023-01-04,5,-8,晴
2023-01-05,4,-6,多云
2023-01-06,9,-7,多云
2023-01-07,7,-6,多云
2023-01-08,12,-5,晴
2023-01-09,8,-6,多云
2023-01-10,7,-6,晴
2023-01-11,2,-4,多云
2023-01-12,3,0,多云
2023-01-13,7,-4,多云
2023-01-14,-2,-10,阴
2023-01-15,0,-10,晴
2023-01-16,1,-8,晴
2023-01-17,3,-9,晴
2023-01-18,3,-6,晴
2023-01-19,4,-9,晴
2023-01-20,-1,-9,晴
2023-01-21,1,-9,晴
2023-01-22,4,-8,多云
2023-01-23,-3,-14,多云
2023-01-24,-6,-13,晴
2023-01-25,-4,-10,多云
2023-01-26,1,-9,多云
2023-01-27,2,-9,晴
2023-01-28,6,-5,晴
2023-01-29,10,-6,晴
2023-01-30,8,-5,晴
2023-01-31,14,-3,晴
2023-02-01,4,-8,多云
2023-02-02,2,-7,多云
2023-02-03,5,-5,多云
2023-02-04,9,-6,晴
2023-02-05,6,-4,多云
2023-02-06,8,-5,多云
2023-02-07,6,-5,晴
2023-02-08,7,-2,多云
2023-02-09,1,-5,多云
2023-02-10,3,-3,多云
2023-02-11,3,0,多云
2023-02-12,2,-4,大雪
2023-02-13,6,-2,多云
2023-02-14,4,-5,多云
2023-02-15,4,-6,多云
2023-02-16,6,-4,多云
2023-02-17,5,-1,多云
2023-02-18,4,-5,多云
2023-02-19,11,-3,晴
2023-02-20,6,-5,晴
2023-02-21,5,-3,多云
2023-02-22,9,-2,多云
2023-02-23,10,0,多云
2023-02-24,7,-5,多云
2023-02-25,10,-4,晴
2023-02-26,11,-1,晴
2023-02-27,12,1,多云
2023-02-28,14,-1,多云
2023-03-01,10,-3,晴
2023-03-02,14,0,晴
2023-03-03,20,0,晴
2023-03-04,16,0,多云~晴
2023-03-05,11,2,多云~晴
2023-03-06,23,3,多云~晴
2023-03-07,21,7,多云
2023-03-08,19,2,多云~晴
2023-03-09,19,6,多云~晴
2023-03-10,27,8,多云
2023-03-11,14,1,多云~小雨
2023-03-12,11,-1,多云
2023-03-13,15,3,多云
2023-03-14,21,1,扬沙~晴
2023-03-15,11,-1,多云~晴
2023-03-16,11,1,多云
2023-03-17,10,1,多云
2023-03-18,17,1,多云~晴
2023-03-19,14,5,多云
2023-03-20,16,7,多云
2023-03-21,18,10,多云
2023-03-22,15,4,多云
2023-03-23,12,4,多云
2023-03-24,13,3,多云~阴
2023-03-25,15,-1,多云~晴
2023-03-26,16,3,多云~晴
2023-03-27,20,5,多云~晴
2023-03-28,21,7,多云
2023-03-29,25,10,多云~晴
2023-03-30,25,11,多云~晴
2023-03-31,23,10,多云
2023-04-01,22,12,多云
2023-04-02,20,13,多云~阴
2023-04-03,18,9,多云~小雨
2023-04-04,12,6,小雨
2023-04-05,17,9,多云~小雨
2023-04-06,18,5,多云~晴
2023-04-07,16,4,晴
2023-04-08,22,8,晴~多云
2023-04-09,22,10,多云
2023-04-10,28,11,多云
2023-04-11,18,5,多云~晴
2023-04-12,22,11,多云~晴
2023-04-13,22,13,多云
2023-04-14,20,8,多云~晴
2023-04-15,20,7,多云~晴
2023-04-16,21,10,多云
2023-04-17,21,10,多云
2023-04-18,27,9,多云~晴
2023-04-19,26,16,多云~扬沙
2023-04-20,18,12,多云~阴
2023-04-21,14,8,多云~小雨
2023-04-22,14,7,多云
2023-04-23,16,6,多云
2023-04-24,17,8,多云~阴
2023-04-25,20,5,多云~晴
2023-04-26,19,10,多云
2023-04-27,20,12,多云~小雨
2023-04-28,21,11,雾~多云
2023-04-29,24,9,多云~晴
2023-04-30,24,11,多云~晴
2023-05-01,25,16,多云~小雨
2023-05-02,28,16,多云~晴
2023-05-03,27,15,多云
2023-05-04,20,15,多云~小雨
2023-05-05,19,14,多云
2023-05-06,24,12,多云~晴
2023-05-07,26,11,晴
2023-05-08,28,13,多云
2023-05-09,27,14,多云
2023-05-10,27,14,多云
2023-05-11,27,13,多云
2023-05-12,25,15,小雨~晴
2023-05-13,28,16,多云~晴
2023-05-14,30,16,晴
2023-05-15,34,22,多云~晴
2023-05-16,34,20,多云~小雨
2023-05-17,27,15,多云
2023-05-18,28,14,多云~小雨
2023-05-19,20,14,小雨~扬沙
2023-05-20,24,16,多云~扬沙
2023-05-21,26,15,多云
2023-05-22,30,15,晴
2023-05-23,30,18,多云
2023-05-24,28,18,多云~小雨
2023-05-25,25,16,多云
2023-05-26,29,19,多云
2023-05-27,22,16,小雨~多云
2023-05-28,28,19,多云~晴
2023-05-29,31,19,多云~小雨
2023-05-30,25,15,多云
2023-05-31,26,16,多云
2023-06-01,31,16,多云~晴
2023-06-02,31,17,多云
2023-06-03,33,19,多云
2023-06-04,33,20,多云~晴
2023-06-05,35,21,多云
2023-06-06,34,22,晴
2023-06-07,37,21,阴~晴
2023-06-08,34,19,多云
2023-06-09,34,20,多云
2023-06-10,30,17,多云~晴
2023-06-11,30,17,小雨
2023-06-12,30,19,多云
2023-06-13,33,20,晴
2023-06-14,36,21,多云~晴
2023-06-15,37,23,晴
2023-06-16,39,24,晴
2023-06-17,37,22,多云~晴
2023-06-18,34,22,多云
2023-06-19,28,18,小雨
2023-06-20,34,19,多云~晴
2023-06-21,38,22,多云~晴
2023-06-22,41,24,多云~晴
2023-06-23,40,26,多云
2023-06-24,40,25,多云~晴
2023-06-25,34,22,多云
2023-06-26,32,24,多云
2023-06-27,30,25,小雨到大雨
2023-06-28,35,25,晴
2023-06-29,17,10,晴
2023-06-30,30,26,小雨
2023-07-01,39,25,多云
2023-07-02,38,24,多云
2023-07-03,33,23,多云~中雨
2023-07-04,31,21,小雨~晴
2023-07-05,40,23,晴
2023-07-06,41,24,晴
2023-07-07,37,23,多云~晴
2023-07-08,37,24,晴
2023-07-09,38,25,晴
2023-07-10,39,26,多云~小雨
2023-07-11,34,24,多云~小雨
2023-07-12,23,21,小雨
2023-07-13,23,22,小雨~多云
2023-07-14,35,23,多云~晴
2023-07-15,32,23,阴~晴
2023-07-16,36,21,晴
2023-07-17,36,23,晴
2023-07-18,36,25,晴
2023-07-19,37,24,晴
2023-07-20,36,24,小雨~雷阵雨
2023-07-21,27,21,小雨~中雨
2023-07-22,26,22,暴雨~多云
2023-07-23,34,24,多云
2023-07-24,34,24,多云~雷阵雨
2023-07-25,34,24,晴~多云
2023-07-26,34,24,大雨~小雨
2023-07-27,33,24,多云~小雨
2023-07-28,30,23,阴~小雨
2023-07-29,29,23,小雨~大雨
2023-07-30,24,21,大暴雨~暴雨
2023-07-31,26,24,暴雨~大雨
2023-08-01,28,25,中雨~小雨
2023-08-02,31,26,多云~晴
2023-08-03,32,26,多云~小雨
2023-08-04,34,26,多云
2023-08-05,36,25,阴~小雨
2023-08-06,28,23,阴~多云
2023-08-07,27,23,阴~小雨
2023-08-08,31,24,多云
2023-08-09,33,24,多云~小雨
2023-08-10,32,23,多云~阴
2023-08-11,29,23,阴~中雨
2023-08-12,31,22,阴~晴
2023-08-13,34,23,多云~晴
2023-08-14,35,24,晴
2023-08-15,34,24,阴~晴
2023-08-16,35,24,阴~多云
2023-08-17,32,25,阴
2023-08-18,36,22,阴~多云
2023-08-19,35,23,晴~多云
2023-08-20,33,23,阴~中雨
2023-08-21,29,22,阴~晴
2023-08-22,31,20,晴
2023-08-23,31,21,多云~雷阵雨
2023-08-24,22,18,小雨~多云
2023-08-25,28,21,阴~雷阵雨
2023-08-26,25,25,多云
2023-08-27,32,22,晴
2023-08-28,33,25,多云
2023-08-29,22,10,阴
2023-08-30,32,20,晴
2023-08-31,25,24,晴
2023-09-01,30,20,阴~多云
2023-09-02,28,20,多云~雷阵雨
2023-09-03,30,21,阴~多云
2023-09-04,30,22,阴~晴
2023-09-05,32,22,阴~多云
2023-09-06,32,22,阴~晴
2023-09-07,31,23,多云~阴
2023-09-08,28,22,阴~雷阵雨
2023-09-09,23,20,中雨~小雨
2023-09-10,24,20,阴~多云
2023-09-11,29,19,阴~多云
2023-09-12,27,16,晴
2023-09-13,27,16,晴
2023-09-14,29,16,多云~晴
2023-09-15,29,17,晴
2023-09-16,29,19,多云
2023-09-17,29,19,阴~多云
2023-09-18,30,19,阴~晴
2023-09-19,24,15,阴~晴
2023-09-20,27,15,多云
2023-09-21,28,16,晴~多云
2023-09-22,27,16,多云
2023-09-23,25,15,阴~多云
2023-09-24,21,15,小雨~多云
2023-09-25,22,15,阴~多云
2023-09-26,24,16,阴~多云
2023-09-27,28,13,阴~晴
2023-09-28,26,15,阴
2023-09-29,27,14,多云~晴
2023-09-30,25,11,晴
2023-10-01,26,11,晴
2023-10-02,23,14,阴~多云
2023-10-03,25,15,多云
2023-10-04,24,9,阴~晴
2023-10-05,21,12,阴~多云
2023-10-06,22,11,阴~多云
2023-10-07,22,11,多云~小雨
2023-10-08,22,12,阴~多云
2023-10-09,23,10,阴~晴
2023-10-10,23,10,多云~晴
2023-10-11,23,12,晴~小雨
2023-10-12,20,12,小雨
2023-10-13,22,9,阴~晴
2023-10-14,24,10,晴
2023-10-15,23,7,晴
2023-10-16,21,8,晴
2023-10-17,21,14,晴~小雨
2023-10-18,22,11,阴~多云
2023-10-19,20,6,多云~晴
2023-10-20,18,5,晴
2023-10-21,22,6,晴
2023-10-22,23,7,晴
2023-10-23,20,8,晴~雾
2023-10-24,23,9,晴
2023-10-25,27,10,晴
2023-10-26,22,6,晴
2023-10-27,22,7,阴~晴
2023-10-28,21,9,晴~雾
2023-10-29,19,11,晴~雾
2023-10-30,22,11,阴~雾
2023-10-31,20,12,多云~雾
2023-11-01,22,12,多云~雾
2023-11-02,20,9,多云~晴
2023-11-03,17,6,阴~多云
2023-11-04,16,10,阴~小雨
2023-11-05,11,5,中雨~阴
2023-11-06,8,0,多云~晴
2023-11-07,12,2,多云
2023-11-08,14,2,晴
2023-11-09,8,-2,晴
2023-11-10,5,-4,阴~多云
2023-11-11,7,-2,晴~多云
2023-11-12,6,-4,晴
2023-11-13,7,-3,阴~多云
2023-11-14,11,-2,晴~多云
2023-11-15,9,2,阴
2023-11-16,11,-1,阴~晴
2023-11-17,9,-2,晴
2023-11-18,11,0,晴
2023-11-19,17,0,晴
2023-11-20,15,1,多云
2023-11-21,12,3,多云
2023-11-22,16,-2,多云
2023-11-23,1,-8,晴
2023-11-24,1,-6,晴~多云
2023-11-25,1,-6,阴~多云
2023-11-26,2,-5,阴~晴
2023-11-27,10,-5,多云
2023-11-28,4,-4,多云~晴
2023-11-29,1,-5,晴
2023-11-30,3,-6,晴
2023-12-01,3,-6,晴
2023-12-02,10,-5,阴~晴
2023-12-03,9,-4,晴
2023-12-04,10,-3,阴~晴
2023-12-05,8,-1,多云
2023-12-06,11,-2,晴
2023-12-07,9,-2,多云~晴
2023-12-08,12,-2,多云~晴
2023-12-09,8,-3,多云
2023-12-10,0,-4,阴~小雪
2023-12-11,-1,-7,阴~多云
2023-12-12,-2,-4,多云~阴
2023-12-13,-1,-5,中雪
2023-12-14,-3,-7,中雪~小雪
2023-12-15,-4,-13,阴~多云
2023-12-16,-7,-16,晴
2023-12-17,-6,-14,晴~多云
2023-12-18,-4,-12,阴~晴
2023-12-19,-6,-12,多云~晴
2023-12-20,-7,-15,晴
2023-12-21,-5,-13,晴
2023-12-22,-3,-11,晴~多云
2023-12-23,0,-9,晴
2023-12-24,0,-9,阴~晴
2023-12-25,1,-7,晴~多云
2023-12-26,3,-7,多云~晴
2023-12-27,2,-9,晴
2023-12-28,4,-8,晴
2023-12-29,3,-6,多云~阴
2023-12-30,2,-2,多云~晴
2023-12-31,5,-8,晴~多云
2024-01-01,2,-7,多云
2024-01-02,5,-7,晴
2024-01-03,5,-6,晴
2024-01-04,5,-7,晴
2024-01-05,6,-6,晴~多云
2024-01-06,2,-9,多云~晴
2024-01-07,-1,-9,阴~晴
2024-01-08,1,-5,多云~阴
2024-01-09,5,-8,阴~晴
2024-01-10,3,-7,多云~晴
2024-01-11,7,-2,多云~晴
2024-01-12,6,-3,多云
2024-01-13,2,-3,阴~晴
2024-01-14,2,-9,晴
2024-01-15,3,-7,晴
2024-01-16,1,-3,晴~多云
2024-01-17,3,-4,多云
2024-01-18,3,-6,多云~阴
2024-01-19,0,-5,阴
2024-01-20,1,-9,阴~晴
2024-01-21,-4,-11,晴
2024-01-22,-3,-11,晴
2024-01-23,0,-8,晴
2024-01-24,4,-6,晴
2024-01-25,5,-4,晴
2024-01-26,5,-6,晴
2024-01-27,4,-7,阴~晴
2024-01-28,6,-7,阴~晴
2024-01-29,3,-4,多云~阴
2024-01-30,-1,-4,多云~晴
2024-01-31,1,-6,阴~多云
2024-02-01,-1,-8,阴~晴
2024-02-02,0,-7,阴~多云
2024-02-03,4,-7,晴~多云
2024-02-04,0,-4,多云~小雪
2024-02-05,4,-5,多云
2024-02-06,4,-5,晴
2024-02-07,6,-6,晴
2024-02-08,6,-5,多云~晴
2024-02-09,9,-4,晴
2024-02-10,7,-4,晴
2024-02-11,12,-4,多云~晴
2024-02-12,12,-3,多云~晴
2024-02-13,15,-1,多云~晴
2024-02-14,12,-3,阴~多云
2024-02-15,9,-4,晴
2024-02-16,9,0,多云~晴
2024-02-17,11,2,多云~小雨
2024-02-18,9,3,小雨~多云
2024-02-19,3,-5,阴
2024-02-20,-1,-4,阴~小雪
2024-02-21,0,-5,阴~多云
2024-02-22,3,-6,晴
2024-02-23,3,-5,多云
2024-02-24,5,-4,多云~晴
2024-02-25,10,-4,晴~多云
2024-02-26,4,-4,阴~多云
2024-02-27,5,-3,阴
2024-02-28,6,-3,阴~多云
2024-02-29,4,-5,晴
2024-03-01,5,-4,晴
2024-03-02,11,-3,晴
2024-03-03,9,-2,晴~多云
2024-03-04,6,0,阴~雨夹雪
2024-03-05,4,-1,小雪~多云
2024-03-06,9,-1,多云
2024-03-07,11,-2,多云~晴
2024-03-08,11,-2,晴
2024-03-09,14,-1,晴
2024-03-10,13,1,阴~晴
2024-03-11,17,0,多云~晴
2024-03-12,15,2,晴
2024-03-13,20,2,晴
2024-03-14,21,5,晴
2024-03-15,21,7,多云~阴
2024-03-16,21,6,多云~晴
2024-03-17,14,2,多云~晴
2024-03-18,16,3,多云~晴
2024-03-19,16,1,晴
2024-03-20,15,1,晴
2024-03-21,13,4,阴~小雨
2024-03-22,23,6,多云
2024-03-23,21,8,多云~阴
2024-03-24,12,6,阴~小雨
2024-03-25,16,6,多云
2024-03-26,12,7,多云
2024-03-27,10,8,小雨~扬沙
2024-03-28,16,6,扬沙~多云
2024-03-29,20,8,晴
2024-03-30,22,8,晴
2024-03-31,21,7,晴
2024-04-01,14,9,多云
2024-04-02,20,11,阴
2024-04-03,20,10,阴~多云
2024-04-04,16,5,多云~小雨
2024-04-05,20,8,晴
2024-04-06,27,13,多云~晴
2024-04-07,26,12,阴~多云
2024-04-08,21,8,扬沙~小雨
2024-04-09,16,7,多云~小雨
2024-04-10,11,6,小雨
2024-04-11,22,11,多云~晴
2024-04-12,27,16,多云
2024-04-13,26,16,多云~小雨
2024-04-14,19,12,多云~小雨
2024-04-15,23,11,晴
2024-04-16,26,8,晴
2024-04-17,27,13,晴
2024-04-18,29,15,多云
2024-04-19,20,12,阴~小雨
2024-04-20,22,10,阴~晴
2024-04-21,24,13,多云~晴
2024-04-22,24,14,多云~小雨
2024-04-23,20,9,阴~晴
2024-04-24,25,12,晴
2024-04-25,27,15,多云~晴
2024-04-26,27,16,多云
2024-04-27,22,15,小雨
2024-04-28,16,11,阴~小雨
2024-04-29,14,7,小雨~多云
2024-04-30,24,9,小雨~晴
2024-05-01,26,11,阴~晴
2024-05-02,27,13,晴
2024-05-03,26,14,晴~多云
2024-05-04,22,13,多云~阴
2024-05-05,21,15,多云~小雨
2024-05-06,26,14,多云~晴
2024-05-07,28,13,多云~晴
2024-05-08,29,16,多云~晴
2024-05-09,28,19,多云
2024-05-10,27,16,小雨~多云
2024-05-11,25,14,晴
2024-05-12,29,13,晴
2024-05-13,31,18,晴
2024-05-14,32,15,多云~晴
2024-05-15,26,14,晴
2024-05-16,28,16,多云~晴
2024-05-17,31,18,晴
2024-05-18,31,20,多云~小雨
2024-05-19,24,17,阴~多云
2024-05-20,26,16,阴~多云
2024-05-21,28,17,晴
2024-05-22,30,22,多云
2024-05-23,29,17,阴~小雨
2024-05-24,19,15,小雨
2024-05-25,14,12,大雨~多云
2024-05-26,28,15,晴
2024-05-27,29,15,多云~晴
2024-05-28,30,20,阴~多云
2024-05-29,31,20,阴~小雨
2024-05-30,32,19,中雨~晴
2024-05-31,22,16,小雨
2024-06-01,32,18,晴~多云
2024-06-02,31,18,阴~多云
2024-06-03,33,19,多云
2024-06-04,33,21,多云~阴
2024-06-05,29,21,阴
2024-06-06,30,20,阴~小雨
2024-06-07,23,15,大雨~多云
2024-06-08,30,19,多云~晴
2024-06-09,35,20,阴~多云
2024-06-10,33,22,多云~小雨
2024-06-11,36,22,阴~小雨
2024-06-12,36,23,阴~小雨
2024-06-13,33,22,阴~小雨
2024-06-14,33,21,小雨~晴
2024-06-15,32,20,多云~晴
2024-06-16,35,22,晴
2024-06-17,37,24,多云~晴
2024-06-18,37,25,多云~晴
2024-06-19,36,24,阴~多云
2024-06-20,32,23,多云
2024-06-21,24,22,中雨~多云
2024-06-22,34,21,扬沙~多云
2024-06-23,29,19,晴
2024-06-24,33,20,多云~晴
2024-06-25,35,20,多云~晴
2024-06-26,36,24,多云
2024-06-27,35,24,阴~多云
2024-06-28,35,24,阴~晴
2024-06-29,32,23,阴~小雨
2024-06-30,23,10,晴
2024-07-01,28,22,阴~小雨
2024-07-02,25,18,小雨
2024-07-03,28,20,多云
2024-07-04,29,22,阴~多云
2024-07-05,32,23,多云~小雨
2024-07-06,33,24,多云
2024-07-07,32,24,阴~小雨
2024-07-08,33,23,阴~小雨
2024-07-09,32,23,多云
2024-07-10,34,24,阴~多云
2024-07-11,34,25,阴
2024-07-12,32,22,暴雨~中雨
2024-07-13,26,22,阴~小雨
2024-07-14,29,22,多云~阴
2024-07-15,29,23,阴~中雨
2024-07-16,29,23,雾~晴
2024-07-17,35,22,多云~晴
2024-07-18,37,25,晴
2024-07-19,35,26,阴~小雨
2024-07-20,34,26,多云~晴
2024-07-21,34,27,阴~中雨
2024-07-22,32,26,阴~小雨
2024-07-23,35,27,多云
2024-07-24,36,24,阴~大雨
2024-07-25,27,25,阴~小雨
2024-07-26,32,25,雾~多云
2024-07-27,33,25,阴~多云
2024-07-28,35,26,阴~晴
2024-07-29,35,25,阴~中雨
2024-07-30,29,25,大暴雨~中雨
2024-07-31,32,24,多云
2024-08-01,34,26,阴~晴
2024-08-02,34,25,中雨
2024-08-03,32,25,阴~中雨
2024-08-04,32,25,雾~多云
2024-08-05,33,24,多云
2024-08-06,34,25,阴~小雨
2024-08-07,31,24,阴~晴
2024-08-08,33,25,晴~多云
2024-08-09,29,24,暴雨~大雨
2024-08-10,33,24,中雨~多云
2024-08-11,32,24,多云
2024-08-12,30,23,阴~小雨
2024-08-13,28,22,多云~小雨
2024-08-14,32,23,阴~晴
2024-08-15,31,24,小雨~多云
2024-08-16,30,24,大暴雨~小雨
2024-08-17,31,23,多云~中雨
2024-08-18,30,23,雾~小雨
2024-08-19,28,23,阴~小雨
2024-08-20,28,22,阴~小雨
2024-08-21,31,23,多云~晴
2024-08-22,35,24,阴~多云
2024-08-23,33,24,小雨~多云
2024-08-24,32,24,阴~晴
2024-08-25,29,22,阴~大雨
2024-08-26,22,19,暴雨~多云
2024-08-27,30,18,晴
2024-08-28,30,18,阴~晴
2024-08-29,30,21,晴
2024-08-30,34,23,晴~多云
2024-08-31,29,25,小雨转轻度雾霾
2024-09-01,32,19,阴~晴
2024-09-02,28,18,阴~晴
2024-09-03,27,20,阴~小雨
2024-09-04,25,21,阴~小雨
2024-09-05,29,17,多云~晴
2024-09-06,29,21,阴~小雨
2024-09-07,21,18,中雨~小雨
2024-09-08,23,20,阴~小雨
2024-09-09,23,21,小雨
2024-09-10,24,19,阴
2024-09-11,27,17,阴~多云
2024-09-12,29,18,晴
2024-09-13,28,19,阴~小雨
2024-09-14,25,16,阴~多云
2024-09-15,25,17,多云~晴
2024-09-16,28,19,晴~多云
2024-09-17,29,20,晴~多云
2024-09-18,29,20,阴~多云
2024-09-19,30,17,多云~小雨
2024-09-20,20,12,阴~多云
2024-09-21,23,12,晴
2024-09-22,23,11,多云~晴
2024-09-23,24,12,晴~多云
2024-09-24,25,14,晴~小雨
2024-09-25,25,14,小雨~多云
2024-09-26,23,16,阴
2024-09-27,24,18,多云~小雨
2024-09-28,22,19,阴~小雨
2024-09-29,25,15,阴~中雨
2024-09-30,20,13,中雨
2024-10-01,17,7,多云~晴
2024-10-02,20,7,晴
2024-10-03,22,8,晴
2024-10-04,22,9,多云~晴
2024-10-05,23,13,多云~阴
2024-10-06,18,10,多云~小雨
2024-10-07,22,8,晴
2024-10-08,23,10,晴~多云
2024-10-09,19,11,多云
2024-10-10,22,8,晴
2024-10-11,23,10,晴
2024-10-12,24,13,多云
2024-10-13,18,13,多云~雾
2024-10-14,20,12,多云
2024-10-15,21,10,阴~多云
2024-10-16,18,13,多云~阴
2024-10-17,17,14,多云~小雨
2024-10-18,18,5,小雨~晴
2024-10-19,13,2,晴
2024-10-20,12,1,阴~多云
2024-10-21,13,6,阴~小雨
2024-10-22,17,3,阴~晴
2024-10-23,19,5,晴
2024-10-24,21,7,多云~晴
2024-10-25,19,10,多云~雾
2024-10-26,16,10,多云~雾
2024-10-27,18,4,多云~晴
2024-10-28,19,7,多云
2024-10-29,19,7,多云~晴
2024-10-30,18,10,多云~雾
2024-10-31,17,12,轻度雾霾
2024-11-01,20,9,多云~雾
2024-11-02,12,8,雾
2024-11-03,20,4,雾~晴
2024-11-04,12,1,晴
2024-11-05,16,2,晴
2024-11-06,16,2,晴
2024-11-07,15,5,多云
2024-11-08,16,6,多云~雾
2024-11-09,16,7,多云~小雨
2024-11-10,19,7,多云
2024-11-11,13,5,多云~雾
2024-11-12,17,9,多云~小雨
2024-11-13,10,8,小雨
2024-11-14,19,7,雾~晴
2024-11-15,14,8,雾~阴
2024-11-16,14,2,晴
2024-11-17,11,-3,晴
2024-11-18,8,-1,多云
2024-11-19,10,0,多云~晴
2024-11-20,15,3,雾~晴
2024-11-21,16,0,晴
2024-11-22,14,1,晴~多云
2024-11-23,10,2,晴~多云
2024-11-24,9,3,晴
2024-11-25,7,1,小雨
2024-11-26,2,-2,晴
2024-11-27,4,-4,晴
2024-11-28,6,0,多云
2024-11-29,12,1,晴
2024-11-30,12,3,晴
2024-12-01,15,-1,多云
2024-12-02,4,-4,晴
2024-12-03,9,-3,晴~多云
2024-12-04,8,-2,晴
2024-12-05,9,-2,晴~阴
2024-12-06,7,-3,多云~阴
2024-12-07,4,-5,晴
2024-12-08,6,-6,晴
2024-12-09,6,-3,多云~晴
2024-12-10,6,-2,阴~多云
2024-12-11,5,-4,多云
2024-12-12,3,-3,阴~小雪
2024-12-13,3,-5,晴
2024-12-14,5,-3,晴
2024-12-15,8,-3,晴~多云
2024-12-16,9,-3,晴
2024-12-17,5,-4,晴
2024-12-18,4,-7,晴
2024-12-19,2,-6,阴~多云
2024-12-20,3,-5,晴~多云
2024-12-21,3,-6,晴
2024-12-22,5,-5,晴
2024-12-23,7,-7,晴~多云
2024-12-24,5,-7,多云~晴
2024-12-25,6,-4,多云~晴
2024-12-26,2,-5,多云~晴
2024-12-27,1,-7,晴
2024-12-28,6,-6,晴
2024-12-29,5,-3,阴~晴
2024-12-30,7,-5,多云~晴
2024-12-31,7,-3,晴
2025-01-01,5,-4,晴
2025-01-02,9,-0,阴
2025-01-03,11,8,晴
2025-01-04,-2,-6,多云
2025-01-05,2,1,大雪
2025-01-06,6,-2,晴
2025-01-07,6,-1,多云
2025-01-08,0,-4,晴
2025-01-09,1,-6,晴
2025-01-10,4,-7,晴
2025-01-11,3,-5,多云
2025-01-12,1,-3,多云
2025-01-13,4,-2,多云
2025-01-14,2,-4,晴
2025-01-15,1,-4,晴
2025-01-16,4,-1,晴
2025-01-17,4,-2,晴
2025-01-18,7,-1,晴
2025-01-19,6,0,晴
2025-01-20,6,0,多云
2025-01-21,7,-1,多云
2025-01-22,5,0,多云
2025-01-23,5,-2,晴
2025-01-24,6,-1,轻度雾霾
2025-01-25,3,0,轻度雾霾
2025-01-26,2,-5,阴
2025-01-27,-2,-7,晴
2025-01-28,0,-6,晴
2025-01-29,0,-6,轻度雾霾
2025-01-30,-1,-6,多云
2025-01-31,0,-5,多云
2025-02-01,0,-5,多云
2025-02-02,4,-3,多云
2025-02-03,1,-5,晴
2025-02-04,2,-6,多云
2025-02-05,1,-6,晴
2025-02-06,-1,-10,多云
2025-02-07,-5,-12,晴
2025-02-08,-2,-10,晴
2025-02-09,-1,-8,多云
2025-02-10,3,-6,晴
2025-02-11,2,-4,轻度雾霾
2025-02-12,6,-3,晴
2025-02-13,8,-1,晴
2025-02-14,10,0,多云
2025-02-15,13,1,晴
2025-02-16,8,2,晴
2025-02-17,4,-2,晴
2025-02-18,7,-3,晴
2025-02-19,5,-2,多云
2025-02-20,5,-2,晴
2025-02-21,3,-2,多云
2025-02-22,3,-3,晴
2025-02-23,4,-4,晴
2025-02-24,8,-2,多云
2025-02-25,9,2,晴
2025-02-26,10,0,晴
2025-02-27,13,2,轻度雾霾
2025-02-28,16,4,轻度雾霾
2025-03-01,14,7,重度雾霾
2025-03-02,11,4,小雨
2025-03-03,8,2,阴
2025-03-04,9,3,多云
2025-03-05,11,2,晴
2025-03-06,12,4,多云
2025-03-07,10,5,阴
2025-03-08,15,4,轻度雾霾
2025-03-09,17,6,中度雾霾
2025-03-10,18,8,轻度雾霾
2025-03-11,15,9,重度雾霾
2025-03-12,19,10,晴
2025-03-13,16,8,多云
2025-03-14,20,14,阴
2025-03-15,8,1,阴
2025-03-16,4,-2,晴
2025-03-17,9,4,多云
2025-03-18,14,2,晴
2025-03-19,20,6,晴
2025-03-20,23,10,晴
2025-03-21,26,14,晴
2025-03-22,27,16,晴
2025-03-23,26,17,晴
2025-03-24,21,12,多云
2025-03-25,21,12,多云
2025-03-26,22,8,阴
2025-03-27,13,8,阴
2025-03-28,10,4,多云
2025-03-29,12,3,多云
2025-03-30,11,6,多云
2025-03-31,20,7,多云
2025-04-01,21,10,多云
2025-04-02,17,8,多云
2025-04-03,20,10,多云
2025-04-04,22,10,多云
2025-04-05,22,11,多云
2025-04-06,24,10,晴
2025-04-07,27,12,多云
2025-04-08,24,14,阴
2025-04-09,23,13,多云
2025-04-10,27,13,多云
2025-04-11,29,14,多云
2025-04-12,14,7,多云
2025-04-13,15,7,多云
2025-04-14,25,11,多云
2025-04-15,33,14,多云
2025-04-16,30,15,多云
2025-04-17,29,15,多云
2025-04-18,20,11,小雨
2025-04-19,24,10,晴
2025-04-20,27,15,多云
2025-04-21,20,15,小雨
2025-04-22,25,14,晴
2025-04-23,27,15,晴
2025-04-24,24,13,晴
2025-04-25,25,13,晴
2025-04-26,28,15,多云
2025-04-27,27,17,多云
2025-04-28,28,16,晴
2025-04-29,34,14,多云
2025-04-30,28,19,阴
2025-05-01,26,17,多云
2025-05-02,24,15,阴
2025-05-03,25,15,晴
2025-05-04,26,16,阴
2025-05-05,24,14,小雨
2025-05-06,22,16,多云
2025-05-07,28,14,多云
2025-05-08,27,16,小雨
2025-05-09,19,11,中雨
2025-05-10,26,12,多云
2025-05-11,31,15,晴
2025-05-12,32,20,阴
2025-05-13,35,20,多云
2025-05-14,29,18,小雨
2025-05-15,31,16,晴
2025-05-16,31,19,小雨
2025-05-17,25,15,多云
2025-05-18,29,16,多云
2025-05-19,35,19,晴
2025-05-20,37,22,多云
2025-05-21,33,23,多云
2025-05-22,25,16,小雨
2025-05-23,25,14,阴
2025-05-24,26,15,多云
2025-05-25,34,21,小雨
2025-05-26,33,21,多云
2025-05-27,35,22,多云
2025-05-28,35,23,晴
2025-05-29,36,21,多云
2025-05-30,34,24,阴
2025-05-31,27,21,阴
2025-06-01,27,21,阴
2025-06-02,31,20,多云
2025-06-03,31,20,晴
2025-06-04,36,21,晴
2025-06-05,40,25,阴
2025-06-06,38,26,多云
2025-06-07,34,25,阴
2025-06-08,36,24,晴
2025-06-09,37,22,多云
2025-06-10,36,24,晴
2025-06-11,39,25,多云
2025-06-12,39,26,多云
2025-06-13,38,24,小雨
2025-06-14,25,21,大雨
2025-06-15,30,21,多云
2025-06-16,30,19,多云
2025-06-17,37,23,多云
2025-06-18,38,24,多云
2025-06-19,33,24,阴
2025-06-20,36,24,多云
2025-06-21,37,25,晴
2025-06-22,40,27,晴
2025-06-23,41,28,多云
2025-06-24,42,29,晴
2025-06-25,39,27,阴
2025-06-26,36,26,阴
2025-06-27,29,24,阴
2025-06-28,34,23,小雨
2025-06-29,35,24,小雨
2025-06-30,36,24,小雨
2025-07-01,33,25,小雨
2025-07-02,36,27,小雨
2025-07-03,39,24,多云
2025-07-04,39,25,多云
2025-07-05,38,29,多云
2025-07-06,37,29,多云
2025-07-07,37,28,大雨
2025-07-08,37,26,阴
2025-07-09,36,27,阴
2025-07-10,34,25,阴
2025-07-11,36,27,阴
2025-07-12,36,26,多云
2025-07-13,37,28,多云
2025-07-14,36,27,阴
2025-07-15,31,24,小雨
2025-07-16,32,23,多云
2025-07-17,35,25,晴
2025-07-18,37,26,多云
2025-07-19,31,26,小雨
2025-07-20,27,24,中雨
2025-07-21,33,23,晴
2025-07-22,32,25,晴
2025-07-23,30,25,小雨
2025-07-24,31,24,中雨
2025-07-25,32,25,阴
2025-07-26,33,25,小雨
2025-07-27,33,25,阴
2025-07-28,33,26,小雨
2025-07-29,33,25,多云
2025-07-30,33,24,晴
2025-07-31,31,20,晴
2025-08-01,32,23,晴
2025-08-02,33,25,多云
2025-08-03,32,25,小雨
2025-08-04,29,26,小雨
2025-08-05,30,23,小雨
2025-08-06,34,24,晴
2025-08-07,31,24,多云
2025-08-08,27,23,中雨
2025-08-09,32,22,晴
2025-08-10,32,24,晴
2025-08-11,31,24,小雨
2025-08-12,32,24,中雨
2025-08-13,30,23,小雨
2025-08-14,30,22,中雨
2025-08-15,30,24,小雨
2025-08-16,29,23,小雨
2025-08-17,29,24,多云
2025-08-18,29,25,多云
2025-08-19,28,24,中雨
2025-08-20,30,24,小雨
2025-08-21,30,25,中雨
2025-08-22,30,25,阴
2025-08-23,28,23,阴
2025-08-24,27,21,多云
2025-08-25,31,21,小雨
2025-08-26,31,23,小雨
2025-08-27,25,22,大雨
2025-08-28,26,20,阴
2025-08-29,29,22,阴
2025-08-30,29,22,小雨
2025-08-31,30,21,小雨
2025-09-01,30,22,晴
2025-09-02,29,22,多云
2025-09-03,30,23,小雨
2025-09-04,29,22,多云
2025-09-05,24,21,小雨
2025-09-06,28,18,晴
2025-09-07,29,18,多云
2025-09-08,28,18,小雨
2025-09-09,28,18,中雨
2025-09-10,28,21,晴
2025-09-11,28,21,多云
2025-09-12,29,22,多云
2025-09-13,28,20,小雨
2025-09-14,28,20,晴
2025-09-15,24,19,中雨
2025-09-16,27,18,阴
2025-09-17,26,16,多云
2025-09-18,26,14,多云
2025-09-19,26,16,多云
2025-09-20,27,15,多云
2025-09-21,27,18,阴
2025-09-22,24,19,小雨
2025-09-23,23,16,阴
2025-09-24,26,15,晴
2025-09-25,27,16,多云
2025-09-26,28,18,阴
2025-09-27,23,18,阴
2025-09-28,28,18,晴
2025-09-29,28,18,多云
2025-09-30,29,17,晴
2025-10-01,28,17,阴
2025-10-02,26,19,多云
2025-10-03,26,18,多云
2025-10-04,26,17,阴
2025-10-05,17,12,小雨
2025-10-06,19,15,小雨
2025-10-07,23,14,多云
2025-10-08,18,10,中雨
2025-10-09,14,10,中雨
2025-10-10,15,11,中雨
2025-10-11,19,11,小雨
2025-10-12,19,13,阴
2025-10-13,21,10,晴
2025-10-14,21,11,多云
2025-10-15,20,13,多云
2025-10-16,15,12,小雨
2025-10-17,16,9,多云
2025-10-18,13,5,多云
2025-10-19,14,7,晴
2025-10-20,13,2,晴
2025-10-21,14,1,晴
2025-10-22,14,3,多云
2025-10-23,14,5,多云
2025-10-24,15,5,多云
2025-10-25,15,8,轻度雾霾
2025-10-26,13,5,晴
2025-10-27,13,1,晴
2025-10-28,15,3,晴
2025-10-29,15,6,中度雾霾
2025-10-30,16,7,中度雾霾
2025-10-31,16,5,晴
2025-11-01,18,5,晴
2025-11-02,13,4,晴
2025-11-03,13,3,晴
2025-11-04,15,4,晴
2025-11-05,16,8,中度雾霾
2025-11-06,16,9,中度雾霾
2025-11-07,12,8,阴
2025-11-08,15,7,多云
2025-11-09,15,6,晴
2025-11-10,13,1,多云
2025-11-11,15,3,晴
2025-11-12,15,3,多云
2025-11-13,15,4,晴
2025-11-14,14,2,晴
2025-11-15,15,3,多云
2025-11-16,7,2,多云
2025-11-17,6,0,晴
2025-11-18,10,0,多云
2025-11-19,12,1,晴
2025-11-20,12,3,多云
2025-11-21,13,1,晴
2025-11-22,12,0,晴
2025-11-23,14,1,多云
2025-11-24,11,3,多云
2025-11-25,7,0,晴
2025-11-26,8,-1,多云
2025-11-27,7,0,晴
2025-11-28,7,-1,多云
2025-11-29,13,-1,晴
2025-11-30,27,22,多云
2025-12-01,3,-2,多云
2025-12-02,1,-5,晴
2025-12-03,3,-5,晴
2025-12-04,7,-5,晴
2025-12-05,6,-4,多云
2025-12-06,8,-3,晴
2025-12-07,8,0,晴
2025-12-08,6,-2,晴
2025-12-09,6,-2,晴
2025-12-10,7,-2,多云
2025-12-11,4,-1,多云
2025-12-12,-1,-4,小雪
2025-12-13,1,-7,多云
2025-12-14,2,-8,晴
2025-12-15,3,-6,多云
2025-12-16,6,-1,多云
2025-12-17,4,-5,轻度雾霾
2025-12-18,3,-4,中度雾霾
2025-12-19,29,25,阴
2025-12-20,5,-2,多云
2025-12-21,3,-4,晴
2025-12-22,3,-5,多云
2025-12-23,6,-2,多云
2025-12-24,5,-4,晴
2025-12-25,2,-5,晴
2025-12-26,0,-7,多云
2025-12-27,4,-6,晴
2025-12-28,13,4,晴
2025-12-29,5,-3,晴
2025-12-30,4,-4,晴
2025-12-31,3,-1,晴
